,sample_idx,reference,base_pred,ft_pred,wer_base,cer_base,wer_ft,cer_ft
0,0,before she started to keep her appointment with the solicitors, before she started to keep her appointment with the solicitors., before she started to keep her appointment with the solicitors.,0.1,0.016129032258064516,0.1,0.016129032258064516
1,1,and fancied his countenance was not altogether unknown to me i asked him some questions concerning his family and his country but all the answers i could get were sighs and tears i took pity on him," And fancy it his countenance was not all together unknown to me. I asked him some questions concerning his family and his country, but all the answers I could get were size and tears. I took pity on him."," and fancy it his countenance was now altogether unknown to me. I asked him some questions concerning his family and his country, but all the answers I could get were size and tears. I took pity on him,",0.35135135135135137,0.08629441624365482,0.2972972972972973,0.07614213197969544
2,2,the weirdness in which milly's absence had left them deficient she made it indeed effective for him by suddenly addressing him you know nothing sir but not the least little bit about my friend," the weirdness in which Millie's absence had left them deficient. She made it indeed effective for him by suddenly addressing him. You know nothing, sure, but not the least little bit about my friend.", the weirdness of which millies absence had left them deficient. She made it indeed effective for him by suddenly addressing him. You know nothing sure but not the least little bit about my friend.,0.23529411764705882,0.0625,0.23529411764705882,0.057291666666666664
3,3,you've been jawin like a lot a old hens, You've been joined like a lot of old hands., you've been drawing like a lot of old hands,0.4444444444444444,0.2564102564102564,0.3333333333333333,0.1794871794871795
4,4,let us finally confess it that what is most difficult for us men of the historical sense to grasp feel taste and love what finds us fundamentally prejudiced and almost hostile," Let us finally confess it that what is most difficult for us men of the historical sense to grasp, feel, taste and love, what finds us fundamentally prejudiced and almost hostile"," Let us finally confess it that what is most difficult for us men of the historical sense to grasp, feel, taste and love what finds us fundamentally prejudiced and almost hostile",0.12903225806451613,0.022857142857142857,0.0967741935483871,0.017142857142857144
5,5,and it is owing to her that i am here but what are you doing in this nest i am sitting on six eggs of stone and i shall not be set free till they are hatched, and it is owing to her that I am here. But what are you doing in this nest? I am sitting on six eggs of stone and I shall not be set free till they are hatched., and it is owing to her that I am here. But what are you doing in this nest? I am sitting on six eggs of stone and I shall not be set free till they are hatched.,0.1891891891891892,0.044585987261146494,0.1891891891891892,0.044585987261146494
6,6,the tireless machines marched back and forth across the floor and the men who watched them with suicidal intensity ran after them barefooted when they made off with a broken thread spliced it and then escaped from them to their stations again," The tireless machines march back and forth across the floor, and the men who watched them with suicidal intensity ran after them barefooted when they made off with a broken thread, spliced it, and then escaped from them to their stations again.", The tireless machines march back and forth across the floor and the men who watched them with suicidal intensity ran after them barefooted when they made off with a broken thread spliced it and then escaped from them to their stations again.,0.14285714285714285,0.028925619834710745,0.07142857142857142,0.01652892561983471
7,7,before the middle of the day they were visited by sir john and missus jennings who having heard of the arrival of a gentleman at the cottage came to take a survey of the guest with the assistance of his mother in law sir john was not long in discovering," Before the middle of the day there were visited by Sir John and Mrs. Jennings, who had heard of the arrival of a gentleman at the cottage, came to take a survey of the guests. With the assistance of his mother-in-law, Sir John was not long- and discovering"," Before the middle of the day there were visited by Sir John and Mrs. Jennings, who having heard of the arrival of a gentleman at the cottage, came to take a survey of the guest, with the assistance of his mother-in-law Sir John was not long- and discovering",0.34,0.11067193675889328,0.3,0.08300395256916997
8,8,you appear to be a sensible discreet woman and some who have had opportunities of acquiring more correct views might envy you your respect for knowledge and the lights of science although the housekeeper did not altogether comprehend the other's meaning she knew he used a compliment, You appear to be a sensible discrete woman and some who have had opportunities of acquiring more correct views might envy you your respect for knowledge and the light of science. Although the housekeeper did not altogether comprehend the other's meaning she knew he used a compliment, You appear to be a sensible discrete woman and some who have had opportunities of acquiring more correct views might envy you your respect for knowledge and the light of science. Although the housekeeper did not altogether comprehend the others meaning she knew he used a compliment,0.10638297872340426,0.02120141342756184,0.1276595744680851,0.024734982332155476
9,9,alarmed but not discouraged she tried it another way a bolt flew and she believed herself successful but how strangely mysterious the door was still immovable she paused a moment in breathless wonder, alarmed but not discouraged. She tried it another way. A bolt flew and she believed herself successful but how strangely mysterious the door was still immovable. She paused a moment in breathless wonder.," Alarmed but not discouraged, she tried it another way, a boat flew and she believed herself successful but how strangely mysterious the door was still immuvable she paused a moment in breathless wonder",0.21212121212121213,0.035175879396984924,0.15151515151515152,0.02512562814070352
10,10,all of which have proved their serviceability more or less conclusively, on the which have proved their serviceability more or less conclusively., on the which have proved their serviceability more or less conclusively.,0.2727272727272727,0.09859154929577464,0.2727272727272727,0.09859154929577464
11,11,but at least it was obvious that some one must be there to receive his guests no juliet would have to go alone she was really old enough to be trusted by herself for three days and there was no need that she could see," But at least it was obvious that someone must be there to receive his guests. No Juliet would have to go along. She was really old enough to be trusted by herself for three days, and there was no need that she could see.", but at least it was obvious that someone must be there to receive his guests. Now Juliet would have to go along. She was really old enough to be trusted by herself for three days and there was no need that she could see,0.2222222222222222,0.04608294930875576,0.15555555555555556,0.03686635944700461
12,12,if you stand till morning now then said i unclosing my hand but still standing before him ask me some other time when you can speak like a gentleman returned he and he made an effort to pass me again," If you stand till morning, now then said I, unclosing my hand, but still standing before him. Ask me some other time when you can speak like a gentleman returned he, and he made an effort to pass me again."," If you stand till morning, now then said I, unclosing my hand, but still standing before him. Ask me some other time when you can speak like a gentleman returned he, and he made an effort to pass me again,",0.2,0.04522613065326633,0.2,0.04522613065326633
13,13,they began to fell trees for the timbers of the ship that was to make the voyage to far colchis, They began to felt trees for the timbers of the ship that was to make the voyage to far-colkis., They began to fell trees for the timbers of the ship that was to make the voyage to Farcalkis.,0.2,0.06315789473684211,0.15,0.07368421052631578
14,14,it's a technical problem of the exigencies of interstellar navigation explain it to them gregg you're an expert i waved it away with a laugh there was a brief silence i could not help noticing sir arthur coniston's queer look," It's a technical problem of the exigenesis of interstellar navigation. Explain it to them, Greg, you're an expert. I waived it away with a laugh. There was a brief silence. I could not help noticing Sir Arthur Conneson's queer look.", It's a technical problem of the exigenacies of interstellar navigation. Explain it to them Greg you're an expert? I waived it away with a laugh. There was a brief silence. I could not help noticing Sir author Conneson's queer look,0.425,0.10222222222222223,0.375,0.08888888888888889
15,15,and in their fury the women fell upon him dealing blow on blow orpheus fell lifeless to the ground but he was not to die unwept the little birds of the forest mourned for him even the stony rocks wept," and in their fury the women fell upon him, dealing blow on blow, or fees fell lifeless to the ground. But he was not to die unwept, the little birds of the forest mourned for him, even the stony rocks wept,", and in their fury the women fell upon him dealing blow on blow or fees fell lifeless to the ground but he was not to die unwept the little birds of the forest mourned for him even the stony rocks wept,0.225,0.05,0.05,0.015
16,16,and it is just in such an unlikely place as this that a man's best chance of fortune comes to him sometimes as the servant sat there there came two ravens flying and lit upon the cross beam overhead," and it is just in such an unlikely place as this that a man's best chance of fortune comes to him sometimes. As the servants sat there, there came two ravens flying and lit upon the cross beam overhead.", and it is just in such an unlikely place as this that a man's best chance of fortune comes to him sometimes. As the servants sat there there came two ravens flying and lit upon the cross beam overhead.,0.1282051282051282,0.025252525252525252,0.10256410256410256,0.020202020202020204
17,17,by their rank thoughts my deeds must not be shown unless this general evil they maintain all men are bad and in their badness reign," By their rank thoughts my deeds must not be shown, unless this general evil they maintain. All men are bad, and in their badness reign.", By their rank thoughts my deeds must not be shown unless this general evil they maintain. All men are bad and in their badness reign.,0.24,0.04580152671755725,0.16,0.030534351145038167
18,18,the same distinction between their clothes was in their faces the finely modeled prettiness of her features and the big careless chiseling of the features of bill gregg ronicky doone did not wonder that after her first fear her gesture was one of disdain and surprise," The same distinction between their clothes was in their faces, the finally modeled prettiness of her features and the big, careless chiseling of the features of Bill Gregg. Ronicke Dune did not wonder that after her first fear, her gesture was one of disdain and surprise."," The same distinction between their clothes was in their faces, the finally modeled pridiness of her features and the big careless chiseling of the features of Bill Greg. Ronickey Dune did not wonder that after her first fear her gesture was one of disdain and surprise.",0.21739130434782608,0.056179775280898875,0.1956521739130435,0.0599250936329588
19,19,but when they reached the shore they found no place to go in steep black walls shot up from the sea nothing grew on them when the men looked above the cliffs they saw a long line of white cutting the sky it is a land of ice," But when they reached the shore, they found no place to go in. Steep black walls shot up from the sea. Nothing grew on them. When the men looked above the cliffs, they saw a long line of white cutting the sky. It is a land of ice.", but when they reached the shore they found no place to go in. steep black walls shot up from the sea nothing grew on them when the men looked above the cliffs they saw a long line of white cutting the sky it is a land of ice,0.25,0.053811659192825115,0.020833333333333332,0.004484304932735426
20,20,and the engagement would have taken place on the twenty fifth in the position we intended and had fortified but as the attack on our left flank took place in the evening after the retreat of our rear guard that is immediately after the fight," and the engagement would have taken place on the 25th in the position we intended and had fortified. But as the attack on our left flank took place in the evening after the retreat of our rear guard, that is immediately after the fight.", and the engagement would have taken place on the 25th in the position we intended and had fortified. But as the attack on our left flank took place in the evening after the retreat of our rear guard that is immediately after the fight,0.13333333333333333,0.058091286307053944,0.08888888888888889,0.04979253112033195
21,21,the early hour at which hounds then met may account for this, the early hour at which hounds then met in May account for this., The early hour at which hounds then met and may account for this,0.25,0.08333333333333333,0.16666666666666666,0.08333333333333333
22,22,i saw the master of the house with his head sunk forward on his arms asleep the expected guests had failed to arrive and he tired out with waiting had fallen into a doze at the board," I saw the master of the house with his head sunk forward on his arms, a sleep. The expected guests had failed to arrive, and he tired out with waiting had fallen into a dose at the board."," I saw the master of the house with his head sunk forward on his arms, a sleep. The expected guests had failed to arrive and he tired out with waiting had fallen into a dose at the board.",0.21621621621621623,0.04395604395604396,0.1891891891891892,0.038461538461538464
23,23,in right merry sort i love the royal bully and will drink his health gladly and mistress anne boleyn's to boot and he emptied the horn," In right Mary's sword, I love the Royal bully and will drink his health gladly. And Mr. Ann Belenz to boot. And he emptied the horn.", In right Mary's sword I love the royaboli and will drink his health gladly and mistress Anne Belenz to boot and he emptied the horn,0.5,0.22388059701492538,0.3076923076923077,0.14925373134328357
24,24,so making an excuse i bade them au revoir and returned to my own book lined den unlocking a drawer in my writing table i took out a packet of letters that still emitted a stale odour of violets," So making an excuse, I made them all revir and returned to my own bookline den. Unlike in a drawer in my writing table, I took out a packet of letters that still emitted a stale odor of violets."," So making an excuse, I made them all revwar and returned to my own bookline den. On lacking a drawer in my writing table, I took out a packet of letters that still emitted a stale odor of violets.",0.358974358974359,0.10362694300518134,0.358974358974359,0.09326424870466321
25,25,resources of coal and iron which are the backbone of commercial civilization," resources of coal and iron, which are the backbone of commercial civilization.", Resources of coal and iron which are the backbone of commercial civilization.,0.16666666666666666,0.02631578947368421,0.16666666666666666,0.02631578947368421
26,26,we can no more wish to return to a narrower sympathy than a painter or a musician can wish to return to his cruder manner or a philosopher to his less complete formula, We can know more wish to return to a narrower sympathy than a painter or a musician can wish to return to his crudeermannor or philosopher to his less complete formula., We can know more wish to return to a narrower sympathy than a painter or a musician can wish to return to his crudeermannor or philosopher to his less complete formula.,0.18181818181818182,0.05389221556886228,0.18181818181818182,0.05389221556886228
27,27,we then went to work to make clothes after the pattern of the netchelli eskimo and the sewing went on early and late thick anoraks and thin ones heavy breeches and light winter stockings and summer stockings," We then went to work to make clothes after the pattern of the Necheli Eschimo and the sewing went on early and late. Thick anorax and thin ones, heavy breeches and light, winter stockings and summer stockings.", With then went to work to make clothes after the pattern of the natchelli eschimo and the sewing went on early and late thick anorax and thin ones heavy breeches and light winter stockings and summer stockings,0.24324324324324326,0.06763285024154589,0.10810810810810811,0.043478260869565216
28,28,convinced of my error i accepted his congratulations with those of the other boys blandly and blindly i remember that binny wallace wanted to give me his silver pencil case," Convinced of my error, I accepted his congratulations, with those of the other boys, blindly and blindly. I remember that Biny Wallace wanted to give me his silver pencil case."," Convinced of my error I accepted his congratulations with those of the other boys, blindly and blindly. I remember that biny Wallace wanted to give me his silver pencil case.",0.36666666666666664,0.06976744186046512,0.3,0.05232558139534884
29,29,that i am never to hear from her perhaps never to see her again, that I am never to hear from her. Perhaps never to see her again.," That I am never to hear from her, perhaps never to see her again.",0.2857142857142857,0.06349206349206349,0.2857142857142857,0.06349206349206349
30,30,half cosmopolitan set of his rather worldly mother and smart little sisters who spent their time dancing and cycling with young italian princes and dukes, have cosmopolitan set of his rather worldly mother and smart little sisters who spent their time dancing and cycling with young Italian princes and dukes., Have cosmopolitan set of his rather worldly mother and smart little sisters who spent their time dancing and cycling with young Italian princes and dukes.,0.12,0.026143790849673203,0.12,0.032679738562091505
31,31,is the object of one's wishes as desirable as one had expected because reality rarely measures up to imagination the first answer is almost bound to be no this is not what i expected and the first emotion tends to be disappointment," Is the object of one's wishes as desirable as one had expected? Because reality rarely measures up to imagination, the first answer is almost bound to be, no, this is not what I expected. And the first emotion tends to be disappointment."," Is the object of one's wishes as desirable as one had expected? Because reality rarely measures up to imagination, the first answer is almost bound to be, no this is not what I expected. And the first emotion tends to be disappointment.",0.23809523809523808,0.04329004329004329,0.21428571428571427,0.03896103896103896
32,32,well well my lord said parry more uneasy at the turn the conversation had taken than at the other you know resumed the unknown that my mother and my sister whilst all this is going on in honor of the king of france have neither money nor bread you know that i myself shall be poor and degraded within a fortnight," Well, well, my Lord said, Perry, more uneasy at the turn of the conversation had taken than at the other. You know, resume the unknown, that my mother and my sister will all this is going on and on over the king of France. Have neither money nor bread. You know that I'm my selfishly poor and degraded with an affort night."," While while my Lord said Perry more uneasy at the turn the conversation had taken than at the other, you now resume the unknown that my mother and my sister was all this is going on and on over the king of France, have neither money nor bread, you know that I my south shall be poor and degraded within a fortnight",0.4426229508196721,0.15064102564102563,0.26229508196721313,0.10897435897435898
33,33,are you then a coward cried villefort in a contemptuous voice but i have always observed that poisoners were cowards can you be a coward," Are you then a coward, cried, vilafore, in a contemptuous voice? But I have always observed that poisonous workhowards. Can you be a coward?"," Are you then a coward, cried Villefort, in a contemptuous voice? But I have always observed that poisonous workhowards. Can you be a coward?",0.48,0.13970588235294118,0.44,0.11764705882352941
34,34,was in process of repaving it was barred off, was in process of repaving. It was bard off., was in process of repeating it was bard off,0.4444444444444444,0.11363636363636363,0.2222222222222222,0.09090909090909091
35,35,of the british museum bristling with exclusionism writes that some of these fishes which had been sent to him alive were very young minnows he says on reading the evidence it seems to me most probably only a practical joke," of the British Museum, bristling with exclusionism, writes that some of these fishes, which had been sent to him alive, were very young minors. He says, on reading the evidence, it seems to me most probably only a practical joke."," of the British Museum, burrassling with exclusionism, writes that some of these fishes which had been sent to him alive were very young minors. He says, on reading the evidence it seems to me most probably only a practical joke.",0.25,0.05855855855855856,0.2,0.06306306306306306
36,36,but besides all this something creaked there was a whiff of fresh air and a new white sphinx appeared standing at the door and that sphinx had the pale face and shining eyes of the very natasha of whom he had just been thinking," But besides all this, something creaked. There was a whiff of fresh air and a new white sphinx appeared, standing at the door. And that sphinx had the pale face and shining eyes of the very Natasha of whom he had just been thinking."," But besides all this, something creaked. There was a whiff of fresh air, and a new white sphinx appeared standing at the door. And that sphinx had the pale face and shining eyes of the very Natasha of whom he had just been thinking.",0.20454545454545456,0.039647577092511016,0.20454545454545456,0.039647577092511016
37,37,nor even a collection of houses it is the meeting place of two trails which join at the apex of a v three miles from the seaport town of siboney and continue merged in a single trail to santiago, nor even a collection of houses. It is the meeting place of two trails which join at the apex of a V. Three miles from the seaport town of Siboné and continued merged in a single trail to Santiago., nor even a collection of houses. It is the meeting place of two trails which join at the apex of a v. Three miles from the seaport town of Siboné and continued merged in a single trail to Santiago.,0.1794871794871795,0.05670103092783505,0.1794871794871795,0.05154639175257732
38,38,so excellent was the intelligence of the officers and so ready the spirit of the men that they kept an almost perfect alignment as was shown when the final order came to charge in the open fields," So, excellent was the intelligence of the officers and so ready the spirit of the men that they kept an almost perfect alignment as was shown when the final order came to charge in the open fields.", So excellent was the intelligence of the officers and so ready the spirit of the man that they kept an almost perfect alignment as was shown when the final order came to charge in the open fields.,0.05405405405405406,0.015384615384615385,0.08108108108108109,0.015384615384615385
39,39,and the development of that electricity which raised such tempests within the bowels of the earth this theory of the phenomena we had witnessed seemed satisfactory to me for however great and stupendous the phenomena of nature, and the development of that electricity which raised such tempests within the bowels of the earth. This theory of the phenomenon we had witnessed seemed satisfactory to me for however great and stipendous the phenomenon of nature., and the development of that electricity which raised such tempest within the bowels of the earth. This theory of the phenomenon we had witnessed seemed satisfactory to me for however great and stipend is the phenomena of nature,0.16216216216216217,0.035398230088495575,0.16216216216216217,0.035398230088495575
40,40,the third passenger had evidently kept out of the argument snap introduced him as rance rankin an american a quiet blond fellow of thirty five or forty i ordered my breakfast and let the argument go on," The third passenger had evidently kept out of the argument. Snap introduced him as Rans Rankin, an American, a quiet, blonde fellow of 35 or 40. I ordered my breakfast and let the argument go on."," The third passenger had evidently kept out of the argument, snap introduced him as Rans Rankin, an American, a quiet blonde fellow of 35 or 40. I ordered my breakfast and let the argument go on.",0.35135135135135137,0.14925373134328357,0.2972972972972973,0.13930348258706468
41,41,my mother's servants were not used to play with me in this wise so thus will i play with thee and he threw at him one of his sharp pointed sticks and it struck him in the eye and came out at the back of his head so that he fell down lifeless," My mother's servants were not used to play with me in this wise, so thus will I play with thee. And he threw it him one of his sharp pointed sticks, and it struck him in the eye and came out at the back of his head, so that he fell down lifeless."," My mother's servants were not used to play with me in this wise, so thus will I play with thee. And he threw at him one of his sharp pointed sticks, and its struck him in the eye and came out at the back of his head, so that he fell down lifeless.",0.16981132075471697,0.03734439834024896,0.16981132075471697,0.03734439834024896
42,42,here a huge boneyard forms from fish mollusks," Here, a huge bone yard forms from fish, mollusks."," Here, a huge bonyard forms from fish, mollusks",0.625,0.1111111111111111,0.375,0.08888888888888889
43,43,and interviewed any one who seemed of a coming on disposition emma jane had disposed of three single cakes rebecca of three small boxes for a difference in their ability to persuade the public was clearly defined at the start," and interviewed anyone who seemed of a coming-on disposition. Emma Jane had disposed of three single cakes, Rebecca of three small boxes, for a difference in their ability to persuade the public was clearly defined at the start."," and interviewed anyone who seemed of a coming on disposition. Emma Jane had disposed of three single cakes, Rebecca of three small boxes, for a difference in their ability to persuade the public was clearly defined at the start,",0.275,0.04,0.225,0.035555555555555556
44,44,she was too good it's all calumny a wretched lie broke in unrestrained excitement from every part of the large room in vain the coroner smote with his gavel in vain the local police endeavoured to restore order," She was too good. It's all Calamney, a wretched lie. Broken to unrestrained excitement from every part of the large room. In vain, the coroner's smoke with his gavel, in vain, the local police endeavor to restore order."," She was too good, it's all Calamney, a wretched lie broke into unrestrained excitement from every part of the large room. In vain the coroner smote with his gavel, in vain the local police endeavor to restore order.",0.42105263157894735,0.11428571428571428,0.23684210526315788,0.07142857142857142
45,45,she heard far echoes of the voice of love and found his footsteps traces everywhere but nevermore they met since doubts and fears those phantom shapes that haunt and blight the earth had come twixt her a child of sin and tears," She heard far echoes of the voice of love and found his footsteps traces everywhere. But never more they met since doubts and fears, those phantom shapes that haunt and blight the earth had come to extir her a child of sin and tears."," She heard far echoes of the voice of love and found his footsteps traces everywhere. But never more they met since doubts and fears, those phantom shapes that hound and blight the earth had come to extir her a child of sin and tears.",0.21428571428571427,0.048672566371681415,0.23809523809523808,0.05752212389380531
46,46,his little brown eyed girlish faced mother he had lived on the homestead until he was twenty he had tilled the broad fields and gone in and out among the people and their life had been his life but his heart was not in his work," his little brown-eyed, girlish-faced mother. He had lived on the homestead until he was 20. He had tilled the broad fields and gone in and out among the people, and their life had been his life, but his heart was not in his work.", his little brown eyed girlish faced mother he had lived on the homestead until he was twenty he had tilled the broad fields and gone in and out among the people and their life had been his life but his heart was not in his work,0.2391304347826087,0.06607929515418502,0.0,0.0
47,47,i content myself with sending there for sale the fruits of the garden which i cultivate having said these words he invited the strangers into his house his two sons and two daughters presented them with several sorts of sherbet which they made themselves," I contend myself with sending there for sale the fruits of the garden which I cultivate. Having said these words, he invited the strangers into his house. His two sons and two daughters presented them with several sorts of sherbet which they made themselves.", I contend myself with sending there for sale the fruits of the garden which I cultivate. Having said these words he invited the strangers into his house. His two sons and two daughters presented them with several sorts of sherbet which they made themselves,0.20454545454545456,0.03543307086614173,0.1590909090909091,0.027559055118110236
48,48,and in making an effort to reach canada he was quite willing to suffer many things so the first chance charles got he started and providence smiled upon his resolution," And in making an effort to reach Canada, he was quite willing to suffer many things. So the first chance Charles got, he started and provident smiled upon his resolution."," And in making an effort to reach Canada he was quite willing to suffer many things. So the first chance Charles got, he started, and providence smiled upon his resolution.",0.26666666666666666,0.059880239520958084,0.26666666666666666,0.04790419161676647
49,49,i should have premised that i have not yet told mamma it is richard himself who is here but that he has sent a messenger to beg for this money would it be advisable to acquaint her why should you not i think you ought to do so then i will," I should have promised that I have not yet told Mama, it is Richard himself who is here, but that he has sent a messenger to beg for this money. Would it be advisable to acquaint her? Why should you not? I think you ought to do so. Then I will.", I should have promised that I have not yet told Mama it is Richard himself who is here but that he has sent a messenger to beg for this money would it be advisable to equate her? Why should you not I think you ought to do so? Then I will.,0.3137254901960784,0.07563025210084033,0.2549019607843137,0.07563025210084033
50,50,the archery club and invitations to dine with the arrowpoints as the highest lights in her scenery was not a position that seemed to offer remarkable chances but gwendolen's confidence lay chiefly in herself," The archery club and invitations to Dine with the arrow points as the highest lights in her scenery was not a position that seemed to offer remarkable chances. But, Gwendelin's confidence laid chiefly in herself.", The archery club and invitations to dine with the arrow points as the highest lights in her scenery was not a position that seemed to offer remarkable chances but when the lens confidence laid chiefly in herself,0.2647058823529412,0.057971014492753624,0.20588235294117646,0.057971014492753624
51,51,to me it is all one tragedy i cannot but think of things as they were two or three years since my father and my husband were both in the cabinet and you young as you were stood but one step below it oswald was out in the cold he was very poor," To me, it is all one tragedy. I cannot but think of things as they were two or three years since. My father and my husband were both in the cabinet, and you, young as you were, stood but one step below it. Oswald was out in the cold. He was very poor."," To me it is all one tragedy, I cannot but think of things as they were two or three years since. My father and my husband were both in the cabinet and you, young as you were, stood but one step below it. Oswald was out in the cold, he was very poor.",0.2641509433962264,0.05785123966942149,0.20754716981132076,0.045454545454545456
52,52,anna is this you said alexey alexandrovitch quietly making an effort over himself and restraining the motion of his fingers," And is this you, Siddilexia, Alexander Vitch, quietly making an effort over himself and restraining the motion of his fingers?"," And is this you, Siddilexia Xandravich, quietly making an effort over himself and restraining the motion of his fingers?",0.3,0.13821138211382114,0.3,0.14634146341463414
53,53,and it took only a few minutes every twelve hours i had a moment with carter in the isolation of his chart room this voyage gregg i'm getting like you too fanciful we've a normal group of passengers apparently," and it took only a few minutes every 12 hours. I had a moment with Carter in the isolation of his chartroom. This voyage, Greg, I'm getting like you, too fanciful. We've normal group of passengers apparently."," and it took only a few minutes every twelve hours. I had a moment with Carter in the isolation of his chartroom. This voyage, Greg, I'm getting like you, too fanciful, with normal group of passengers apparently",0.38461538461538464,0.10526315789473684,0.3333333333333333,0.0861244019138756
54,54,did not leave some of his literature at every dwelling in the district his tirade against the girls was neither convincing nor in good taste he asked the voters if they were willing to submit to petticoat government and permit a, did not leave some of his literature at every dwelling in the district. His tie rate against the girls was neither convincing nor in good taste. He asked the voters if they were willing to submit to Petticoat Government and Permite., did not leave some of his literature at every dwelling in the district. His tie rate against the girls was neither convincing nor in good taste. He asked the voters if they were willing to submit to Petticoat government and Prometay,0.24390243902439024,0.05263157894736842,0.21951219512195122,0.06140350877192982
55,55,not yet he said i'd forgotten to mention it to them for my part continued the girl i can get ready in a week easily but beth is way out in ohio and we don't know whether she can go or not i'll telegraph her and find out said uncle john," Not yet, he said. I forgot and dimensioned it to them. For my part continued the girl. I can get ready in a week easily, but Beth is way out, no, high, oh, and we don't know whether she can go or not. I'll telegraph her and find out, said Uncle John."," Not yet he said, I forgot and dimension it to them. For my part continued the girl, I can get ready in a week easily, but Beth is way out no higher, and we don't know whether she can go or not. I'll telegraph her and find out said uncle John.",0.43137254901960786,0.16170212765957448,0.3333333333333333,0.1276595744680851
56,56,trying to imitate peter's crow no it wasn't jane said gravely, trying to imitate Peter's Crow. No it wasn't. Jane said gravely.," trying to imitate Peter's Crow. No it wasn't, Jane said gravely.",0.5454545454545454,0.11475409836065574,0.5454545454545454,0.11475409836065574
57,57,she felt well equipped for the mastery of life with regard to much in her lot hitherto she held herself rather hardly dealt with but as to her education she would have admitted that it had left her under no disadvantages," She felt well equipped for the mastery of life. With regard to much in her lot, Heather too, she held herself rather hardly dealt with, but asked her education. She would have admitted that it had left her under no disadvantages."," She felt well equipped for the mastery of life. With regard to much in her lot hitherto, she held herself rather hardly dealt with, but as to her education, she would have admitted that it had left her under no disadvantages.",0.2926829268292683,0.07727272727272727,0.17073170731707318,0.031818181818181815
58,58,she was owned by a chinaman chartered by an arab and commanded by a sort of renegade new south wales german very anxious to curse publicly his native country but who apparently on the strength of bismarck's victorious policy," She was owned by a Chinaman, chartered by an Arab, and commanded by a sort of renegade New South Wales, German. Very anxious to curse publicly his native country, but who, apparently, on the strength of Bismarck's victorious policy,"," She was owned by a Chinaman, chartered by an Arab, and commanded by a sort of renegade new south Wales German, very anxious to curse publicly his native country but who apparently on the strength of Bismarck's victorious policy",0.3333333333333333,0.07589285714285714,0.15384615384615385,0.04017857142857143
59,59,who was waiting for them already informed of this fresh disturbance, who is waiting for them. Already informed of this fresh disturbance., who is waiting for them already informed of this fresh disturbance.,0.36363636363636365,0.07462686567164178,0.18181818181818182,0.04477611940298507
60,60,and i withdrew from the window unable to bear these emotions, and I withdrew from the window unable to bear these emotions.," And I withdrew from the window, unable to bear these emotions.",0.18181818181818182,0.03333333333333333,0.36363636363636365,0.06666666666666667
61,61,by virtue of the menstrual process with the natural or supernatural powers of the world everywhere menstruating women are supposed to be possessed by spirits and charged with mysterious forces it is at this point that a serious misconception," by virtue of the menstrual process with the natural or supernatural powers of the world. Everywhere, menstruating women are supposed to be possessed by spirits and charged with mysterious forces. It is at this point that a serious misconception", by virtue of the menstrual process with the natural or supernatural powers of the world. Everywhere menstreading women are supposed to be possessed by spirits and charged with mysterious forces. It is at this point that a serious misconception,0.10256410256410256,0.02074688796680498,0.1282051282051282,0.024896265560165973
62,62,that they have been relegated to oblivion while the real gems of the collection will doubtless live and grow in popular favor for many ages, that they have been relegated to oblivion. While the real gems of the collection will doubtless live and grow in popular favour for many ages., that they have been relegated to oblivion. While the real gems of the collection will doubtless live and grow in popular favour for many ages.,0.16,0.02877697841726619,0.16,0.02877697841726619
63,63,and yet with calm presence of mind i watched for the slightest sign of joy in you so that not one should escape me to impair the harmony i not only enjoyed but i felt and enjoyed," And yet with calm presence of mind, I watched for the slightest sign of joy in you, so that not one should escape me to impair the harming. I not only enjoyed, but I felt and enjoyed."," Enya, with calm presence of mind, I watched for the slightest sign of joy in you, so that not one should escape me. To impair the harming, I not only enjoyed, but I felt an enjoyed",0.24324324324324326,0.06179775280898876,0.32432432432432434,0.09550561797752809
64,64,and hauling the sheet aft put the oar over the stern and brought the little craft's head to an easterly course the draught of air was extremely weak and scarce furnished impulse enough to the sail to raise a bubble alongside, and hauling the sheet off to put the ore over the stern and brought the little crafts head to an Easterly course. The draft of air was extremely weak and scarce furnished impulse enough to the sail to raise a bubble alongside., and hauling the sheet af to put the ore over the stern and brought the little crafts head to an Easterly course. The draft of air was extremely weak and scarce furnished impulse enough to the sail to raise a bubble alongside.,0.21951219512195122,0.0625,0.21951219512195122,0.05357142857142857
65,65,one could see that by the time he was thirty he would be corpulent, One could see that by the time he was 30 he would be copulent., One could see that by the time he was 30 he would be copulent.,0.21428571428571427,0.13636363636363635,0.21428571428571427,0.13636363636363635
66,66,for reason to compare or judgment to decide upon to knock a limpet from the rock does not require even cunning that lowest power of the mind their skill in some respects may be compared to the instinct of animals for it is not improved by experience," for reason to compare or judgment to the side upon, to knock a limpet from the rock does not require even cunning that lowest power of the mind. Their skill in some respects may be compared to the instinct of animals, for it is not improved by experience.", for reason to compare or judgment to the side upon to knock a limpet from the rock does not require even cunning that lowest power of the mind. Their skill and some respects may be compared to the instinct of animals for it is not improved by experience.,0.14893617021276595,0.03614457831325301,0.1276595744680851,0.03614457831325301
67,67,rollin was silent then he went on with more emotion i still love her virginia," Roland was silent, then he went on with more emotion. I still love her Virginia."," Roland was silent, then he went on with more emotion. I still love her Virginia.",0.3333333333333333,0.11688311688311688,0.3333333333333333,0.11688311688311688
68,68,and judging by your narwhale's personality it hates growing moldy from hanging out too long in the same waterways it's blessed with a terrific gift for getting around now professor you know even better than i that nature doesn't violate good sense," and judging by your narwhal's personality it hates growing moldy from hanging out too long in the same waterways. It's blessed with the terrific gift for getting around. Now professor, you know even better than I that nature doesn't violate good sense.", and judging by your narwhal's personality it hates growing moldy from hanging out too long in the same waterways. It's blessed with the terrific gift for getting around. Now professor you know even better than I that nature doesn't violate good sense.,0.21428571428571427,0.044534412955465584,0.19047619047619047,0.04048582995951417
69,69,the white figure of the girl shot onward through the scarlet flood blinded she did not see that the jutting ribs of the ancient ship were in her path i seemed to see her crash head on into one of the massive timbers," The white figure of the girl shot onward through the scarlet flood. Blinded, she did not see that the jutting ribs of the ancient ship were in her path. I seemed to see her crash, head on, into one of the massive timbers."," The white figure of the girl shot onward through the scarlet flood. Blinded, she did not see that the jutting ribs of the ancient ship were in her path. I seemed to see her crash, head on into one of the massive timbers.",0.18604651162790697,0.04186046511627907,0.16279069767441862,0.037209302325581395
70,70,but he made his way down to the ford under the palace walls and stepped into the flooded water inch by inch and foot by foot he fought his way across now nearly swept off his feet by some sudden swirl or eddy now narrowly escaping," but he made his way down to the Ford under the palace walls and stepped into the flooded water. Inch by Inch and foot by foot he fought his way across, now nearly swept off his feet by some sudden swirl or eddy, now narrowly escaping."," but he made his way down to the Ford under the palace walls and stepped into the flooded water. Inch by Inch and foot by foot he fought his way across, now nearly swept off his feet by some sudden swirl or eddy, now narrowly escaping",0.15217391304347827,0.030434782608695653,0.13043478260869565,0.02608695652173913
71,71,that clearly distinguishes them from the inhabitants of less pure districts perhaps he was right for surely here, that clearly distinguishes them from the inhabitants of less pure districts. Perhaps he was right for surely here, that clearly distinguishes them from the inhabitants of less pure districts. Perhaps he was right for surely here,0.1111111111111111,0.017857142857142856,0.1111111111111111,0.017857142857142856
72,72,when the rejoicings were over, When the rejoices were over, When the rejoices were over,0.4,0.13793103448275862,0.4,0.13793103448275862
73,73,and considered him as a prince engaged by interest as well as inclination to support them that so long as their party subsisted charles might rely on their attachment as much as on that of his own subjects but if their liberties were once ravished from them," and considered him as a prince engaged by interest as well as inclination to support them. That so long as their party subsisted, Charles might rely on their attachment as much as on that of his own subjects. But if their liberties were once ravished from them,"," and considered him as a prince engaged by interest as well as inclination to support them. That so long as their party subsisted, Charles might rely on their attachment as much as on that of his own subjects, but if their liberties were once raviced from them",0.14893617021276595,0.027237354085603113,0.1276595744680851,0.027237354085603113
74,74,and she a third rate actress who had an ingenue part at a strand theatre," And she, a third-rate actress who had an Anjian New Part at a Strand Theater."," In Xi, a third-rate actress who had an all-genu part at a strand theatre,",0.6,0.20833333333333334,0.4,0.16666666666666666
75,75,one evening after the shop was closed while they were examining the goods and comparing the sales with the entries in the day book coulson suddenly inquired by the way hester does thee know where the parcel of best bandanas is gone there was four left as i'm pretty sure when i set off to sandsend," One evening after the shop was closed while they were examining the goods and comparing the sales with the entries in the daybook, Colson's sonnily inquired. By toyhester, does they know where the possible the best bandanas is gone? There was full left as I'm pretty sure when I set off to sandcent,"," One evening after the shop was closed while they were examining the goods and comparing the sales with the entries in the daybook, Colson's sonnily inquired, by toyhester, does they know where the possible the best bandanas is gone? There was full left as I'm pretty sure when I set off to sandcent",0.3392857142857143,0.13468013468013468,0.32142857142857145,0.12794612794612795
76,76,the wife may be alone part of the day and profit by it when john comes home at night he has not had that privilege," The wife may be alone part of the day and profit by it. When John comes home at night, he has not had that privilege.", The wife may be alone part of the day and profit by it when John comes home at night he has not had that privilege.,0.24,0.05263157894736842,0.12,0.02631578947368421
77,77,and the nine brothers and sisters on his left side looking at him out of their right eyes he drew in his head and his tail and his legs until all they could see was his rounded upper shell his shell side walls and the yellow edge of his flat lower shell," And the nine brothers and sisters on his left side, looking at him out of their right eyes. He drew in his head and his tail and his legs, until all they could see was his rounded upper shell, his shell side walls, and the yellow edge of his flat lower shell."," And the nine brothers and sisters on his left side, looking at him out of their right eyes. He drew in his head and his tail and his legs, until all they could see was his rounded upper shell, his shell side walls, and the yellow edge of his flat lower shell.",0.15384615384615385,0.03162055335968379,0.15384615384615385,0.03162055335968379
78,78,began in the log cabin when he had no idea he could ever be exercising his loving kindness in the executive mansion the home of the nation with malice toward none with charity for all was the rule of his life," began in the log cabin when he had no idea he could ever be exercising his loving kindness in the executive mansion, the home of the nation. With Malice Tordon, with charity for all, was the rule of his life.", began in the log cabin when he had no idea he could ever be exercising his loving kindness in the executive mansion the home of the nation with malice toward none with charity for all was the rule of his life,0.1951219512195122,0.057692307692307696,0.0,0.0
79,79,that the physician alone is called to administer psychotherapeutic work but that he needs a thorough psychological training besides his medical one but the interest of the community is not only a negative one," that the physician alone is called to administer psychotherapeutic work, but that he needs a thorough, psychological training besides his medical one. But the interest of the community is not only a negative one.", that the physician alone is called to administer psychotherapeutic work but that he needs a thorough psychological training besides his medical one but the interest of the community is not only a negative one,0.14705882352941177,0.02403846153846154,0.0,0.0
80,80,but now is black beauty's successive heir and beauty slander'd with a bastard shame for since each hand hath put on nature's power fairing the foul with art's false borrowed face," But now is black beauty's success of air, and beauty slandered with a bastard shame. For since each hand have put on nature's power, fairing the foul with arts, false, borrowed face."," But now is black beauty's success of air and beauty slandered with a bastard shame. For since each hand have put on nature's power, fairing the foul with arts false borrowed face",0.3870967741935484,0.09550561797752809,0.3225806451612903,0.07303370786516854
81,81,patrick deasey described himself as a philosopher psychologist and humorist it was partly because patrick delighted in long words and partly to excuse himself," Patrick D.C. described himself as a philosopher, psychologist, and humorist. It was partly because Patrick delighted in long words and partly to excuse himself", Patrick D.C. described himself as a philosopher psychologist and humorist. It was partly because Patrick delighted in long words and partly to excuse himself,0.2916666666666667,0.0759493670886076,0.20833333333333334,0.06329113924050633
82,82,he noticed the broad smooth walks the grassy terrace in front of the countess's apartments in the distance the quaint flower beds the yew trees trimmed into odd shapes and even the deaf old gardener working bare armed in the sunlight at a flower bed in the far corner by the tool house," He noticed the broad smooth walks, the grassy terrace in front of the gantesses apartments in the distance, the quaint flower beds, the U-tree is trimmed into odd shapes, and even the deaf old gardener, working bare-armed in the sunlight at a flower bed in the far corner by the toolhouse."," He noticed the broad smooth walks, the grassy terrace and front of the gantesses apartments in the distance, the quaint flower beds, the utreest trimmed into odd shapes, and even the deaf old gardener, working bare armed in the sunlight at a flower bed in the far corner by the toolhouse.",0.24528301886792453,0.06666666666666667,0.22641509433962265,0.06666666666666667
83,83,personally i can't make out what she sees in you what is it i should have thought it was quite obvious said udo with dignity well coronel i think perhaps you are right and that it's my duty to marry her," Personally, I can't make out what she sees in you. What is it? I should have thought it was quite obvious,"" said Udo with dignity."" Well, Coronel. I think perhaps you are right, and that it's my duty to marry her."," Personally I can't make out what she sees in you. What is it? I should have thought it was quite obvious,"" said Udo with dignity. Well, Coronel, I think perhaps you are right and that it's my duty to marry her.",0.34146341463414637,0.09405940594059406,0.3170731707317073,0.07920792079207921
84,84,to the south east not many miles away lay an immense mountain mass from this mass right across our course ran a great ancient glacier the sun shone down upon it and showed us a surface full of huge irregularities," to the southeast, not many miles away, lay in immense mountain mass. From this mass right across our course, ran a great, ancient glacier. The sun shone down upon it and showed us a surface full of huge irregularities."," to the southeast, not many miles away, lay in immense mountain mass. From this mass right across our course, ran a great ancient glacier. The sun shone down upon it and showed us a surface full of huge irregularities.",0.275,0.05188679245283019,0.25,0.04716981132075472
85,85,from the chest of drawers two candles the only light," from the chest of drawers to candles, the only light."," From the chest of drawers to candles, the only light.",0.3,0.057692307692307696,0.4,0.07692307692307693
86,86,said billy i'll have to be up at the office for the bags at six o'clock faix," said Billy, I'll have to be up at the office for the bags it's six o'clock. F***"," said Billy, I'll have to be up at the office for the bags it's six o'clock.",0.29411764705882354,0.14473684210526316,0.29411764705882354,0.14473684210526316
87,87,that i observed the countenance of felix was melancholy beyond expression he sighed frequently and once his father paused in his music and i conjectured," that I observed the countenance of Felix was melancholy beyond expression. He sighed frequently, and once his father paused in his music, and I conjectured."," That I observed the countenance of Felix was melancholy beyond expression. He sighed frequently, and once his father paused in his music, and I conjectured.",0.32,0.05263157894736842,0.36,0.05921052631578947
88,88,then thou also shalt die with them by the sword of the assyrians, then Dow also shot the dye with them by the sword of the Assyrians., Then Tao also shot the die with them by the sword of the Assyrians.,0.38461538461538464,0.171875,0.38461538461538464,0.171875
89,89,in order to be able to grapple with any degree of cold we were supplied with the richest assortment of reindeer skin clothing we had it specially thick medium and quite light it took a long time to get these skin clothes prepared," In order to be able to grapple with any degree of cold, we were supplied with a richest assortment of reindeer skin clothing. We had it specially thick, medium and quite light. It took a long time to get these skin clothes prepared."," In order to be able to grapple with any degree of cold, we were supplied with a richest assortment of reindeer skin clothing. We had it specially thick, medium and quite light. It took a long time to get these skin clothes prepared.",0.20930232558139536,0.048034934497816595,0.20930232558139536,0.048034934497816595
90,90,he lives said he but he must be carried to granite house that is impossible replied the engineer into the corral then said pencroft in a moment said harding and he ran round the left corner of the palisade," He lived, said he, but he must be carried to granted house that is impossible to reply the engineer. Into the Coral then said Pencroft. In a moment, said Harding, and he ran round the left corner of the Palisade.", He lived said he but he must be carried to granted house that is impossible replied the engineer. Into the corral then said Pencroft. In a moment said Harding and he ran round the left corner of the palasade,0.358974358974359,0.11707317073170732,0.23076923076923078,0.05365853658536585
91,91,coronel stopped your royal highness's commands he began rather coldly there was an ominous sniffing from the bushes coronel said an unhappy voice at last," Cornau stopped. Your royal highness's command, he began rather coldly. There was an ominous sniffing from the bushes. Cornau said an unhappy voice at last,", Corna stopped. Your royal highness's command he began rather coldly. There was an ominous sniffing from the bushes. Coranel said an unhappy voice at last,0.36,0.09803921568627451,0.32,0.0784313725490196
92,92,who or what was that object in advance of it supported between drake and the lawyer and looking like a drowned rat hair hanging legs tottering cheeks shaking and clothes in tatters," Who or what was that object in advance of it, supported between Drake and the lawyer, and looking like a drowned rat, hair hanging, legs, tottering, cheeks, shaking and clothes and tatters?", Who or what was that object in advance of it supported between Drake and the lawyer and looking like a drowned rat hair hanging legs tottering cheeks shaking and clothes and tatters,0.34375,0.06666666666666667,0.09375,0.022222222222222223
93,93,ought to be considered as the assistants or deputies of the chief magistrate and on this account they ought to derive their offices from his appointment at least from his nomination and ought to be subject to his superintendence," ought to be considered as the assistance or deputies of the chief magistrate. And on this account, they ought to derive their offices from his appointment, at least from his nomination, and ought to be subject to his superintendents."," ought to be considered as the assistance or deputies of the chief magistrate and on this account they ought to derive their offices from his appointment, at least from his nomination and ought to be subject to his superintendents.",0.1794871794871795,0.043859649122807015,0.07692307692307693,0.02631578947368421
94,94,we were able to impart the information that we wanted, We were able to impart the information that we wanted., We were able to impart the information that we wanted.,0.2,0.03773584905660377,0.2,0.03773584905660377
95,95,but it was too late now and soon they settled down to being as ordinary as you or me or jenkins minor, But it was too late now and soon they settled down to being as ordinary as you or me or Jenkins Minor., But it was too late now and soon they settled down to being as ordinary as you or me or Jenkins minor.,0.13636363636363635,0.039603960396039604,0.13636363636363635,0.0297029702970297
96,96,for she was discovered by several members of the searching party a little before noon when found she was quietly cropping the damp herbage at the edge of the cranberry swamp at the rear of squire harrington's farm she was wholly uninjured and had evidently spent the night there," for she was discovered by several members of the searching party a little before noon. When found, she was quietly cropping the damp urbidget the edge of the cranberry swamp at the rear of square harrington's farm. She was wholly uningered and had evidently spent the night there.", for she was discovered by several members of the searching party a little before noon. When found she was quietly cropping the damp urbidget the edge of the cranberry swamp at the rear of square harrington's farm. She was wholly uningered and had evidently spent the night there.,0.20408163265306123,0.0539568345323741,0.1836734693877551,0.050359712230215826
97,97,taken from concealment on keseberg's person and two hundred and seventy five dollars additional taken from a cache that keseberg had disclosed after the captain had partially strangled him, taken from concealment on Kezberg's person and $275 additional taken from a cash that Kezberg had disclosed after the captain had partially strangled him., Taken from concealment on Kezberg's person and $275 additional Taken from a cash that Kezberg had disclosed after the captain had partially strangled him.,0.3448275862068966,0.2393617021276596,0.41379310344827586,0.25
98,98,he tried his hardest to flutter away farmer brown's boy understood instantly that something was wrong with one wing and running forward he caught redcoat you poor little thing," He tried his hardest to flutter away. Farmer Brown's boy understood instantly that something was wrong with one wing, and running forward, he caught red coat."," he tried his hardest to flutter away. Farmer Brown's boy understood instantly that something was wrong with one wing, and running forward, he caught red coat. You pull the ill thing.",0.3793103448275862,0.1657142857142857,0.41379310344827586,0.10285714285714286
99,99,what the weights and measures men said the master are they worth reckoning, What? The weights and measures men said the master? Are they worth reckoning?, What? The weights and measures men said the master? Are they worth reckoning?,0.38461538461538464,0.08108108108108109,0.38461538461538464,0.08108108108108109
